{"v":"5.5.9","fr":60,"ip":0,"op":80,"w":510,"h":1300,"nm":"Bal","ddd":0,"assets":[],"layers":[{"ddd":0,"ind":1,"ty":4,"nm":"Bal Outlines","sr":1,"ks":{"o":{"a":0,"k":100,"ix":11},"r":{"a":1,"k":[{"i":{"x":[0.992],"y":[1]},"o":{"x":[0.455],"y":[0.001]},"t":0,"s":[0]},{"t":79,"s":[359]}],"ix":10},"p":{"s":true,"x":{"a":0,"k":254.516,"ix":3},"y":{"a":1,"k":[{"i":{"x":[0.826],"y":[0.965]},"o":{"x":[0.99],"y":[0.01]},"t":0,"s":[281.956]},{"i":{"x":[0.383],"y":[0.994]},"o":{"x":[0.05],"y":[-0.016]},"t":30,"s":[1024.706]},{"t":79,"s":[281.956]}],"ix":4}},"a":{"a":0,"k":[254.516,254.956,0],"ix":1},"s":{"a":0,"k":[100,100,100],"ix":6}},"ao":0,"ef":[{"ty":5,"nm":"Transform","np":14,"mn":"ADBE Geometry2","ix":1,"en":1,"ef":[{"ty":3,"nm":"Anchor Point","mn":"ADBE Geometry2-0001","ix":1,"v":{"a":0,"k":[255,650],"ix":1}},{"ty":3,"nm":"Position","mn":"ADBE Geometry2-0002","ix":2,"v":{"a":0,"k":[255,650],"ix":2}},{"ty":7,"nm":"Uniform Scale","mn":"ADBE Geometry2-0011","ix":3,"v":{"a":0,"k":1,"ix":3}},{"ty":0,"nm":"Scale","mn":"ADBE Geometry2-0003","ix":4,"v":{"a":0,"k":100,"ix":4}},{"ty":0,"nm":" ","mn":"ADBE Geometry2-0004","ix":5,"v":{"a":0,"k":100,"ix":5}},{"ty":0,"nm":"Skew","mn":"ADBE Geometry2-0005","ix":6,"v":{"a":0,"k":0,"ix":6}},{"ty":0,"nm":"Skew Axis","mn":"ADBE Geometry2-0006","ix":7,"v":{"a":0,"k":0,"ix":7}},{"ty":0,"nm":"Rotation","mn":"ADBE Geometry2-0007","ix":8,"v":{"a":0,"k":0,"ix":8}},{"ty":0,"nm":"Opacity","mn":"ADBE Geometry2-0008","ix":9,"v":{"a":0,"k":100,"ix":9}},{"ty":7,"nm":"Use Composition’s Shutter Angle","mn":"ADBE Geometry2-0009","ix":10,"v":{"a":0,"k":1,"ix":10}},{"ty":0,"nm":"Shutter Angle","mn":"ADBE Geometry2-0010","ix":11,"v":{"a":0,"k":0,"ix":11}},{"ty":7,"nm":"Sampling","mn":"ADBE Geometry2-0012","ix":12,"v":{"a":0,"k":1,"ix":12}}]},{"ty":33,"nm":"Spherize","np":4,"mn":"ADBE Spherize","ix":2,"en":1,"ef":[{"ty":0,"nm":"Radius","mn":"ADBE Spherize-0001","ix":1,"v":{"a":0,"k":0,"ix":1}},{"ty":3,"nm":"Center of Sphere","mn":"ADBE Spherize-0002","ix":2,"v":{"a":0,"k":[255,650],"ix":2}}]},{"ty":5,"nm":"Bezier Warp","np":15,"mn":"ADBE BEZMESH","ix":3,"en":1,"ef":[{"ty":3,"nm":"Top Left Vertex","mn":"ADBE BEZMESH-0001","ix":1,"v":{"a":0,"k":[0,0],"ix":1}},{"ty":3,"nm":"Top Left Tangent","mn":"ADBE BEZMESH-0002","ix":2,"v":{"a":0,"k":[169.983,0],"ix":2}},{"ty":3,"nm":"Top Right Tangent","mn":"ADBE BEZMESH-0003","ix":3,"v":{"a":0,"k":[339.966,0],"ix":3}},{"ty":3,"nm":"Right Top Vertex","mn":"ADBE BEZMESH-0004","ix":4,"v":{"a":0,"k":[510,0],"ix":4}},{"ty":3,"nm":"Right Top Tangent","mn":"ADBE BEZMESH-0005","ix":5,"v":{"a":0,"k":[510,433.29],"ix":5}},{"ty":3,"nm":"Right Bottom Tangent","mn":"ADBE BEZMESH-0006","ix":6,"v":{"a":0,"k":[510,866.58],"ix":6}},{"ty":3,"nm":"Bottom Right Vertex","mn":"ADBE BEZMESH-0007","ix":7,"v":{"a":0,"k":[510,1300],"ix":7}},{"ty":3,"nm":"Bottom Right Tangent","mn":"ADBE BEZMESH-0008","ix":8,"v":{"a":0,"k":[339.966,1300],"ix":8}},{"ty":3,"nm":"Bottom Left Tangent","mn":"ADBE BEZMESH-0009","ix":9,"v":{"a":0,"k":[169.983,1300],"ix":9}},{"ty":3,"nm":"Left Bottom Vertex","mn":"ADBE BEZMESH-0010","ix":10,"v":{"a":0,"k":[0,1300],"ix":10}},{"ty":3,"nm":"Left Bottom Tangent","mn":"ADBE BEZMESH-0011","ix":11,"v":{"a":0,"k":[0,866.58],"ix":11}},{"ty":3,"nm":"Left Top Tangent","mn":"ADBE BEZMESH-0012","ix":12,"v":{"a":0,"k":[0,433.29],"ix":12}},{"ty":0,"nm":"Quality","mn":"ADBE BEZMESH-0014","ix":13,"v":{"a":0,"k":8,"ix":13}}]}],"shapes":[{"ty":"gr","it":[{"ind":0,"ty":"sh","ix":1,"ks":{"a":0,"k":{"i":[[5.785,9.307],[-2.98,-1.58],[-44.173,6.145],[-0.351,5.443],[38.739,1.756]],"o":[[0,0],[0,0],[0,0],[0,0],[-39.089,-1.405]],"v":[[-55.303,-9.306],[-48.817,3.161],[50.572,3.161],[55.303,-9.306],[4.47,3.512]],"c":true},"ix":2},"nm":"Path 1","mn":"ADBE Vector Shape - Group","hd":false},{"ty":"fl","c":{"a":0,"k":[0.349000010771,0.349000010771,0.349000010771,1],"ix":4},"o":{"a":0,"k":100,"ix":5},"r":1,"bm":0,"nm":"Fill 1","mn":"ADBE Vector Graphic - Fill","hd":false},{"ty":"tr","p":{"a":0,"k":[254.76,294.517],"ix":2},"a":{"a":0,"k":[0,0],"ix":1},"s":{"a":0,"k":[100,100],"ix":3},"r":{"a":0,"k":0,"ix":6},"o":{"a":0,"k":100,"ix":7},"sk":{"a":0,"k":0,"ix":4},"sa":{"a":0,"k":0,"ix":5},"nm":"Transform"}],"nm":"Group 1","np":2,"cix":2,"bm":0,"ix":1,"mn":"ADBE Vector Group","hd":false},{"ty":"gr","it":[{"ind":0,"ty":"sh","ix":1,"ks":{"a":0,"k":{"i":[[-46.802,26.338],[13.147,-34.064],[60.475,-24.583],[17.704,19.666],[-1.753,25.811]],"o":[[0,0],[0,0],[0,0],[0,0],[-0.175,0.176]],"v":[[62.578,-60.667],[59.773,-4.127],[-23.839,60.666],[-72.92,38.19],[-21.21,-37.664]],"c":true},"ix":2},"nm":"Path 1","mn":"ADBE Vector Shape - Group","hd":false},{"ty":"fl","c":{"a":0,"k":[0.011999999776,0.011999999776,0.011999999776,1],"ix":4},"o":{"a":0,"k":100,"ix":5},"r":1,"bm":0,"nm":"Fill 1","mn":"ADBE Vector Graphic - Fill","hd":false},{"ty":"tr","p":{"a":0,"k":[382.983,416.29],"ix":2},"a":{"a":0,"k":[0,0],"ix":1},"s":{"a":0,"k":[100,100],"ix":3},"r":{"a":0,"k":0,"ix":6},"o":{"a":0,"k":100,"ix":7},"sk":{"a":0,"k":0,"ix":4},"sa":{"a":0,"k":0,"ix":5},"nm":"Transform"}],"nm":"Group 2","np":2,"cix":2,"bm":0,"ix":2,"mn":"ADBE Vector Group","hd":false},{"ty":"gr","it":[{"ind":0,"ty":"sh","ix":1,"ks":{"a":0,"k":{"i":[[46.978,26.339],[-13.147,-34.064],[-60.474,-24.582],[-17.704,19.666],[1.578,25.811]],"o":[[0,0],[0,0],[0,0],[0,0],[0.176,0]],"v":[[-62.578,-60.667],[-59.773,-4.126],[23.839,60.667],[72.92,38.19],[21.385,-37.664]],"c":true},"ix":2},"nm":"Path 1","mn":"ADBE Vector Shape - Group","hd":false},{"ty":"fl","c":{"a":0,"k":[0.011999999776,0.011999999776,0.011999999776,1],"ix":4},"o":{"a":0,"k":100,"ix":5},"r":1,"bm":0,"nm":"Fill 1","mn":"ADBE Vector Graphic - Fill","hd":false},{"ty":"tr","p":{"a":0,"k":[130.743,418.572],"ix":2},"a":{"a":0,"k":[0,0],"ix":1},"s":{"a":0,"k":[100,100],"ix":3},"r":{"a":0,"k":0,"ix":6},"o":{"a":0,"k":100,"ix":7},"sk":{"a":0,"k":0,"ix":4},"sa":{"a":0,"k":0,"ix":5},"nm":"Transform"}],"nm":"Group 3","np":2,"cix":2,"bm":0,"ix":3,"mn":"ADBE Vector Group","hd":false},{"ty":"gr","it":[{"ind":0,"ty":"sh","ix":1,"ks":{"a":0,"k":{"i":[[-18.055,12.116],[-57.144,-14.75],[-9.992,-16.33],[28.22,-18.262],[44.874,-0.702]],"o":[[0,0],[0,0],[0,0],[0,0],[-0.175,0]],"v":[[-61.088,-17.621],[50.22,-19.552],[81.071,4.152],[1.491,28.911],[-80.896,7.137]],"c":true},"ix":2},"nm":"Path 1","mn":"ADBE Vector Shape - Group","hd":false},{"ty":"fl","c":{"a":0,"k":[0.011999999776,0.011999999776,0.011999999776,1],"ix":4},"o":{"a":0,"k":100,"ix":5},"r":1,"bm":0,"nm":"Fill 1","mn":"ADBE Vector Graphic - Fill","hd":false},{"ty":"tr","p":{"a":0,"k":[256.688,28.911],"ix":2},"a":{"a":0,"k":[0,0],"ix":1},"s":{"a":0,"k":[100,86.846],"ix":3},"r":{"a":0,"k":0,"ix":6},"o":{"a":0,"k":100,"ix":7},"sk":{"a":0,"k":0,"ix":4},"sa":{"a":0,"k":0,"ix":5},"nm":"Transform"}],"nm":"Group 4","np":4,"cix":2,"bm":0,"ix":4,"mn":"ADBE Vector Group","hd":false},{"ty":"gr","it":[{"ind":0,"ty":"sh","ix":1,"ks":{"a":0,"k":{"i":[[-23.138,-20.017],[-0.351,-52.852],[17.704,-5.444],[25.241,15.804],[11.568,35.645]],"o":[[0,0],[0,0],[0,0],[0,0],[0,0]],"v":[[3.768,-57.682],[38.475,48.55],[13.759,77.699],[-38.476,1.843],[-35.671,-76.47]],"c":true},"ix":2},"nm":"Path 1","mn":"ADBE Vector Shape - Group","hd":false},{"ty":"fl","c":{"a":0,"k":[0.011999999776,0.011999999776,0.011999999776,1],"ix":4},"o":{"a":0,"k":100,"ix":5},"r":1,"bm":0,"nm":"Fill 1","mn":"ADBE Vector Graphic - Fill","hd":false},{"ty":"tr","p":{"a":0,"k":[459.848,176.96],"ix":2},"a":{"a":0,"k":[0,0],"ix":1},"s":{"a":0,"k":[100,100],"ix":3},"r":{"a":0,"k":0,"ix":6},"o":{"a":0,"k":100,"ix":7},"sk":{"a":0,"k":0,"ix":4},"sa":{"a":0,"k":0,"ix":5},"nm":"Transform"}],"nm":"Group 5","np":2,"cix":2,"bm":0,"ix":5,"mn":"ADBE Vector Group","hd":false},{"ty":"gr","it":[{"ind":0,"ty":"sh","ix":1,"ks":{"a":0,"k":{"i":[[23.138,-20.017],[0.351,-52.852],[-17.704,-5.444],[-25.242,15.804],[-11.569,35.645]],"o":[[0,0],[0,0],[0,0],[0,0],[0,0]],"v":[[-3.769,-57.682],[-38.476,48.55],[-13.76,77.699],[38.476,1.843],[35.671,-76.47]],"c":true},"ix":2},"nm":"Path 1","mn":"ADBE Vector Shape - Group","hd":false},{"ty":"fl","c":{"a":0,"k":[0.011999999776,0.011999999776,0.011999999776,1],"ix":4},"o":{"a":0,"k":100,"ix":5},"r":1,"bm":0,"nm":"Fill 1","mn":"ADBE Vector Graphic - Fill","hd":false},{"ty":"tr","p":{"a":0,"k":[50.199,176.96],"ix":2},"a":{"a":0,"k":[0,0],"ix":1},"s":{"a":0,"k":[100,100],"ix":3},"r":{"a":0,"k":0,"ix":6},"o":{"a":0,"k":100,"ix":7},"sk":{"a":0,"k":0,"ix":4},"sa":{"a":0,"k":0,"ix":5},"nm":"Transform"}],"nm":"Group 6","np":2,"cix":2,"bm":0,"ix":6,"mn":"ADBE Vector Group","hd":false},{"ty":"gr","it":[{"ind":0,"ty":"sh","ix":1,"ks":{"a":0,"k":{"i":[[17.003,11.063],[0,0],[17.003,-10.887],[0,0],[-12.971,-37.225],[0,0],[-29.273,0],[0,0],[-7.888,23.002],[0,0]],"o":[[-16.828,-10.887],[0,0],[-17.003,11.063],[0,0],[8.064,23.002],[0,0],[25.767,0],[0,0],[12.971,-37.05],[0,0]],"v":[[46.101,-53.029],[0.174,-80.245],[-45.75,-53.029],[-87.118,-21.949],[-71.693,31.606],[-52.061,77.435],[-0.001,80.245],[52.061,77.435],[71.692,31.606],[87.118,-21.949]],"c":true},"ix":2},"nm":"Path 1","mn":"ADBE Vector Shape - Group","hd":false},{"ty":"fl","c":{"a":0,"k":[0.011999999776,0.011999999776,0.011999999776,1],"ix":4},"o":{"a":0,"k":100,"ix":5},"r":1,"bm":0,"nm":"Fill 1","mn":"ADBE Vector Graphic - Fill","hd":false},{"ty":"tr","p":{"a":0,"k":[255.023,223.228],"ix":2},"a":{"a":0,"k":[0,0],"ix":1},"s":{"a":0,"k":[100,100],"ix":3},"r":{"a":0,"k":0,"ix":6},"o":{"a":0,"k":100,"ix":7},"sk":{"a":0,"k":0,"ix":4},"sa":{"a":0,"k":0,"ix":5},"nm":"Transform"}],"nm":"Group 7","np":2,"cix":2,"bm":0,"ix":7,"mn":"ADBE Vector Group","hd":false},{"ty":"gr","it":[{"ind":0,"ty":"sh","ix":1,"ks":{"a":0,"k":{"i":[[1.402,-6.497],[2.102,4.565],[0,0]],"o":[[0,0],[0,0],[0,0]],"v":[[1.14,7.901],[0.615,-3.16],[-2.716,-7.901]],"c":true},"ix":2},"nm":"Path 1","mn":"ADBE Vector Shape - Group","hd":false},{"ty":"fl","c":{"a":0,"k":[0.176000004189,0.176000004189,0.176000004189,1],"ix":4},"o":{"a":0,"k":100,"ix":5},"r":1,"bm":0,"nm":"Fill 1","mn":"ADBE Vector Graphic - Fill","hd":false},{"ty":"tr","p":{"a":0,"k":[462.477,114.01],"ix":2},"a":{"a":0,"k":[0,0],"ix":1},"s":{"a":0,"k":[100,100],"ix":3},"r":{"a":0,"k":0,"ix":6},"o":{"a":0,"k":100,"ix":7},"sk":{"a":0,"k":0,"ix":4},"sa":{"a":0,"k":0,"ix":5},"nm":"Transform"}],"nm":"Group 8","np":2,"cix":2,"bm":0,"ix":8,"mn":"ADBE Vector Group","hd":false},{"ty":"gr","it":[{"ind":0,"ty":"sh","ix":1,"ks":{"a":0,"k":{"i":[[0,0],[-1.753,-7.374],[0,0],[3.505,1.58]],"o":[[0,0],[0,0],[0,0],[-3.682,-1.405]],"v":[[-3.768,-6.585],[7.275,9.57],[6.923,3.424],[-3.592,-8.165]],"c":true},"ix":2},"nm":"Path 1","mn":"ADBE Vector Shape - Group","hd":false},{"ty":"fl","c":{"a":0,"k":[0.176000004189,0.176000004189,0.176000004189,1],"ix":4},"o":{"a":0,"k":100,"ix":5},"r":1,"bm":0,"nm":"Fill 1","mn":"ADBE Vector Graphic - Fill","hd":false},{"ty":"tr","p":{"a":0,"k":[500.339,232.095],"ix":2},"a":{"a":0,"k":[0,0],"ix":1},"s":{"a":0,"k":[100,100],"ix":3},"r":{"a":0,"k":0,"ix":6},"o":{"a":0,"k":100,"ix":7},"sk":{"a":0,"k":0,"ix":4},"sa":{"a":0,"k":0,"ix":5},"nm":"Transform"}],"nm":"Group 9","np":2,"cix":2,"bm":0,"ix":9,"mn":"ADBE Vector Group","hd":false},{"ty":"gr","it":[{"ind":0,"ty":"sh","ix":1,"ks":{"a":0,"k":{"i":[[-1.227,-6.672],[-2.103,4.566],[0,0]],"o":[[0,0],[0,0],[0.176,0]],"v":[[-1.227,7.901],[-0.702,-3.161],[2.629,-7.901]],"c":true},"ix":2},"nm":"Path 1","mn":"ADBE Vector Shape - Group","hd":false},{"ty":"fl","c":{"a":0,"k":[0.176000004189,0.176000004189,0.176000004189,1],"ix":4},"o":{"a":0,"k":100,"ix":5},"r":1,"bm":0,"nm":"Fill 1","mn":"ADBE Vector Graphic - Fill","hd":false},{"ty":"tr","p":{"a":0,"k":[47.131,114.361],"ix":2},"a":{"a":0,"k":[0,0],"ix":1},"s":{"a":0,"k":[100,100],"ix":3},"r":{"a":0,"k":0,"ix":6},"o":{"a":0,"k":100,"ix":7},"sk":{"a":0,"k":0,"ix":4},"sa":{"a":0,"k":0,"ix":5},"nm":"Transform"}],"nm":"Group 10","np":2,"cix":2,"bm":0,"ix":10,"mn":"ADBE Vector Group","hd":false},{"ty":"gr","it":[{"ind":0,"ty":"sh","ix":1,"ks":{"a":0,"k":{"i":[[0,0],[1.753,-7.375],[0,0],[-3.506,1.581]],"o":[[0,0],[0,0],[0,0],[3.681,-1.58]],"v":[[3.768,-6.497],[-7.275,9.658],[-6.924,3.512],[3.594,-8.078]],"c":true},"ix":2},"nm":"Path 1","mn":"ADBE Vector Shape - Group","hd":false},{"ty":"fl","c":{"a":0,"k":[0.176000004189,0.176000004189,0.176000004189,1],"ix":4},"o":{"a":0,"k":100,"ix":5},"r":1,"bm":0,"nm":"Fill 1","mn":"ADBE Vector Graphic - Fill","hd":false},{"ty":"tr","p":{"a":0,"k":[9.356,232.358],"ix":2},"a":{"a":0,"k":[0,0],"ix":1},"s":{"a":0,"k":[100,100],"ix":3},"r":{"a":0,"k":0,"ix":6},"o":{"a":0,"k":100,"ix":7},"sk":{"a":0,"k":0,"ix":4},"sa":{"a":0,"k":0,"ix":5},"nm":"Transform"}],"nm":"Group 11","np":2,"cix":2,"bm":0,"ix":11,"mn":"ADBE Vector Group","hd":false},{"ty":"gr","it":[{"ind":0,"ty":"sh","ix":1,"ks":{"a":0,"k":{"i":[[0,0],[-7.187,8.428],[13.322,-1.228]],"o":[[0,0],[0,0],[0,0]],"v":[[-8.764,3.512],[9.466,-5.092],[-9.465,5.092]],"c":true},"ix":2},"nm":"Path 1","mn":"ADBE Vector Shape - Group","hd":false},{"ty":"fl","c":{"a":0,"k":[0.176000004189,0.176000004189,0.176000004189,1],"ix":4},"o":{"a":0,"k":100,"ix":5},"r":1,"bm":0,"nm":"Fill 1","mn":"ADBE Vector Graphic - Fill","hd":false},{"ty":"tr","p":{"a":0,"k":[450.82,407.422],"ix":2},"a":{"a":0,"k":[0,0],"ix":1},"s":{"a":0,"k":[100,100],"ix":3},"r":{"a":0,"k":0,"ix":6},"o":{"a":0,"k":100,"ix":7},"sk":{"a":0,"k":0,"ix":4},"sa":{"a":0,"k":0,"ix":5},"nm":"Transform"}],"nm":"Group 12","np":2,"cix":2,"bm":0,"ix":12,"mn":"ADBE Vector Group","hd":false},{"ty":"gr","it":[{"ind":0,"ty":"sh","ix":1,"ks":{"a":0,"k":{"i":[[0,0],[8.414,8.428],[-15.6,-1.228]],"o":[[0,0],[0,0],[0,0]],"v":[[10.255,3.512],[-11.131,-5.092],[11.131,5.092]],"c":true},"ix":2},"nm":"Path 1","mn":"ADBE Vector Shape - Group","hd":false},{"ty":"fl","c":{"a":0,"k":[0.176000004189,0.176000004189,0.176000004189,1],"ix":4},"o":{"a":0,"k":100,"ix":5},"r":1,"bm":0,"nm":"Fill 1","mn":"ADBE Vector Graphic - Fill","hd":false},{"ty":"tr","p":{"a":0,"k":[61.417,409.353],"ix":2},"a":{"a":0,"k":[0,0],"ix":1},"s":{"a":0,"k":[100,100],"ix":3},"r":{"a":0,"k":0,"ix":6},"o":{"a":0,"k":100,"ix":7},"sk":{"a":0,"k":0,"ix":4},"sa":{"a":0,"k":0,"ix":5},"nm":"Transform"}],"nm":"Group 13","np":2,"cix":2,"bm":0,"ix":13,"mn":"ADBE Vector Group","hd":false},{"ty":"gr","it":[{"ind":0,"ty":"sh","ix":1,"ks":{"a":0,"k":{"i":[[0,0],[1.052,-1.229],[4.907,-3.16],[-3.506,8.077],[0,0]],"o":[[0,0],[-1.052,1.229],[0,0],[0,0],[0,0]],"v":[[6.836,-7.112],[4.382,-5.18],[-6.836,8.516],[3.155,-5.531],[4.031,-8.516]],"c":true},"ix":2},"nm":"Path 1","mn":"ADBE Vector Shape - Group","hd":false},{"ty":"fl","c":{"a":0,"k":[0.176000004189,0.176000004189,0.176000004189,1],"ix":4},"o":{"a":0,"k":100,"ix":5},"r":1,"bm":0,"nm":"Fill 1","mn":"ADBE Vector Graphic - Fill","hd":false},{"ty":"tr","p":{"a":0,"k":[354.937,482.663],"ix":2},"a":{"a":0,"k":[0,0],"ix":1},"s":{"a":0,"k":[100,100],"ix":3},"r":{"a":0,"k":0,"ix":6},"o":{"a":0,"k":100,"ix":7},"sk":{"a":0,"k":0,"ix":4},"sa":{"a":0,"k":0,"ix":5},"nm":"Transform"}],"nm":"Group 14","np":2,"cix":2,"bm":0,"ix":14,"mn":"ADBE Vector Group","hd":false},{"ty":"gr","it":[{"ind":0,"ty":"sh","ix":1,"ks":{"a":0,"k":{"i":[[0,0],[-1.052,-1.229],[-4.908,-3.16],[3.506,8.077],[0,0]],"o":[[0,0],[1.052,1.229],[0,0],[0,0],[0,0]],"v":[[-6.836,-7.112],[-4.382,-5.18],[6.836,8.516],[-3.155,-5.531],[-4.031,-8.516]],"c":true},"ix":2},"nm":"Path 1","mn":"ADBE Vector Shape - Group","hd":false},{"ty":"fl","c":{"a":0,"k":[0.176000004189,0.176000004189,0.176000004189,1],"ix":4},"o":{"a":0,"k":100,"ix":5},"r":1,"bm":0,"nm":"Fill 1","mn":"ADBE Vector Graphic - Fill","hd":false},{"ty":"tr","p":{"a":0,"k":[157.913,483.541],"ix":2},"a":{"a":0,"k":[0,0],"ix":1},"s":{"a":0,"k":[100,100],"ix":3},"r":{"a":0,"k":0,"ix":6},"o":{"a":0,"k":100,"ix":7},"sk":{"a":0,"k":0,"ix":4},"sa":{"a":0,"k":0,"ix":5},"nm":"Transform"}],"nm":"Group 15","np":2,"cix":2,"bm":0,"ix":15,"mn":"ADBE Vector Group","hd":false},{"ty":"gr","it":[{"ind":0,"ty":"sh","ix":1,"ks":{"a":0,"k":{"i":[[0,0],[-0.525,-0.176],[-0.525,-6.848],[0,0],[8.589,-3.688],[0,0],[0,0],[-0.35,3.687],[-0.876,7.199],[0,0],[0,0]],"o":[[0,0],[1.403,0.351],[0.701,8.604],[0,0],[-8.589,3.687],[0,0],[0,0],[0.351,-3.688],[1.228,-9.833],[0,0],[0,0]],"v":[[0.263,-46.795],[0.964,-46.619],[6.223,-37.664],[3.769,37.313],[-4.82,47.849],[5.171,49.955],[10.781,47.146],[5.171,37.138],[7.8,-38.718],[13.409,-50.131],[3.769,-51.536]],"c":true},"ix":2},"nm":"Path 1","mn":"ADBE Vector Shape - Group","hd":false},{"ty":"fl","c":{"a":0,"k":[0.176000004189,0.176000004189,0.176000004189,1],"ix":4},"o":{"a":0,"k":100,"ix":5},"r":1,"bm":0,"nm":"Fill 1","mn":"ADBE Vector Graphic - Fill","hd":false},{"ty":"tr","p":{"a":0,"k":[251.429,101.28],"ix":2},"a":{"a":0,"k":[0,0],"ix":1},"s":{"a":0,"k":[100,100],"ix":3},"r":{"a":0,"k":0,"ix":6},"o":{"a":0,"k":100,"ix":7},"sk":{"a":0,"k":0,"ix":4},"sa":{"a":0,"k":0,"ix":5},"nm":"Transform"}],"nm":"Group 16","np":2,"cix":2,"bm":0,"ix":16,"mn":"ADBE Vector Group","hd":false},{"ty":"gr","it":[{"ind":0,"ty":"sh","ix":1,"ks":{"a":0,"k":{"i":[[0,0],[29.623,20.72],[0,0],[0,0],[-29.45,-21.948],[0,0],[0,0]],"o":[[0,0],[-29.624,-20.719],[0,0],[0,0],[29.448,21.95],[0,0],[0,0]],"v":[[49.607,35.03],[10.342,-13.608],[-53.638,-37.664],[-53.638,-39.772],[11.745,-13.608],[53.638,34.68],[53.638,39.772]],"c":true},"ix":2},"nm":"Path 1","mn":"ADBE Vector Shape - Group","hd":false},{"ty":"fl","c":{"a":0,"k":[0.176000004189,0.176000004189,0.176000004189,1],"ix":4},"o":{"a":0,"k":100,"ix":5},"r":1,"bm":0,"nm":"Fill 1","mn":"ADBE Vector Graphic - Fill","hd":false},{"ty":"tr","p":{"a":0,"k":[374.92,68.971],"ix":2},"a":{"a":0,"k":[0,0],"ix":1},"s":{"a":0,"k":[100,100],"ix":3},"r":{"a":0,"k":0,"ix":6},"o":{"a":0,"k":100,"ix":7},"sk":{"a":0,"k":0,"ix":4},"sa":{"a":0,"k":0,"ix":5},"nm":"Transform"}],"nm":"Group 17","np":2,"cix":2,"bm":0,"ix":17,"mn":"ADBE Vector Group","hd":false},{"ty":"gr","it":[{"ind":0,"ty":"sh","ix":1,"ks":{"a":0,"k":{"i":[[0,0],[-29.624,20.72],[0,0],[0,0],[29.449,-21.948],[0,0],[0,0]],"o":[[0,0],[29.624,-20.719],[0,0],[0,0],[-29.448,22.125],[0,0],[0,0]],"v":[[-49.519,35.03],[-10.254,-13.608],[53.726,-37.664],[53.726,-39.772],[-11.657,-13.608],[-53.726,34.68],[-53.726,39.772]],"c":true},"ix":2},"nm":"Path 1","mn":"ADBE Vector Shape - Group","hd":false},{"ty":"fl","c":{"a":0,"k":[0.176000004189,0.176000004189,0.176000004189,1],"ix":4},"o":{"a":0,"k":100,"ix":5},"r":1,"bm":0,"nm":"Fill 1","mn":"ADBE Vector Graphic - Fill","hd":false},{"ty":"tr","p":{"a":0,"k":[133.11,71.429],"ix":2},"a":{"a":0,"k":[0,0],"ix":1},"s":{"a":0,"k":[100,100],"ix":3},"r":{"a":0,"k":0,"ix":6},"o":{"a":0,"k":100,"ix":7},"sk":{"a":0,"k":0,"ix":4},"sa":{"a":0,"k":0,"ix":5},"nm":"Transform"}],"nm":"Group 18","np":2,"cix":2,"bm":0,"ix":18,"mn":"ADBE Vector Group","hd":false},{"ty":"gr","it":[{"ind":0,"ty":"sh","ix":1,"ks":{"a":0,"k":{"i":[[0,0],[-52.236,-1.405],[0,0],[0,0],[50.307,1.053],[0,0]],"o":[[0,0],[52.411,1.404],[0,0],[0,0],[-47.854,-0.878],[0,0]],"v":[[-61.789,-4.652],[-4.294,7.638],[61.789,-9.745],[60.561,-3.951],[-4.294,8.693],[-61.789,-1.844]],"c":true},"ix":2},"nm":"Path 1","mn":"ADBE Vector Shape - Group","hd":false},{"ty":"fl","c":{"a":0,"k":[0.176000004189,0.176000004189,0.176000004189,1],"ix":4},"o":{"a":0,"k":100,"ix":5},"r":1,"bm":0,"nm":"Fill 1","mn":"ADBE Vector Graphic - Fill","hd":false},{"ty":"tr","p":{"a":0,"k":[259.142,456.675],"ix":2},"a":{"a":0,"k":[0,0],"ix":1},"s":{"a":0,"k":[100,100],"ix":3},"r":{"a":0,"k":0,"ix":6},"o":{"a":0,"k":100,"ix":7},"sk":{"a":0,"k":0,"ix":4},"sa":{"a":0,"k":0,"ix":5},"nm":"Transform"}],"nm":"Group 19","np":2,"cix":2,"bm":0,"ix":19,"mn":"ADBE Vector Group","hd":false},{"ty":"gr","it":[{"ind":0,"ty":"sh","ix":1,"ks":{"a":0,"k":{"i":[[0,0],[-5.96,-10.359],[0,0],[-11.043,0.176],[0.877,-1.23],[0,0],[4.207,10.359],[0,0],[7.713,2.458],[0,0]],"o":[[0,0],[5.96,10.359],[0,0],[11.044,-0.176],[-0.876,1.229],[0,0],[-4.207,-10.36],[0,0],[-7.712,-2.458],[0,0]],"v":[[-26.819,-55.926],[-24.19,-40.298],[22.261,29.762],[35.758,33.45],[20.859,51.536],[19.456,57.155],[19.632,30.114],[-26.294,-39.42],[-39.09,-48.551],[-39.09,-57.155]],"c":true},"ix":2},"nm":"Path 1","mn":"ADBE Vector Shape - Group","hd":false},{"ty":"fl","c":{"a":0,"k":[0.176000004189,0.176000004189,0.176000004189,1],"ix":4},"o":{"a":0,"k":100,"ix":5},"r":1,"bm":0,"nm":"Fill 1","mn":"ADBE Vector Graphic - Fill","hd":false},{"ty":"tr","p":{"a":0,"k":[337.409,345.175],"ix":2},"a":{"a":0,"k":[0,0],"ix":1},"s":{"a":0,"k":[100,100],"ix":3},"r":{"a":0,"k":0,"ix":6},"o":{"a":0,"k":100,"ix":7},"sk":{"a":0,"k":0,"ix":4},"sa":{"a":0,"k":0,"ix":5},"nm":"Transform"}],"nm":"Group 20","np":2,"cix":2,"bm":0,"ix":20,"mn":"ADBE Vector Group","hd":false},{"ty":"gr","it":[{"ind":0,"ty":"sh","ix":1,"ks":{"a":0,"k":{"i":[[0,0],[5.96,-10.359],[0,0],[11.043,0.176],[-0.877,-1.229],[0,0],[-4.207,10.36],[0,0],[-7.712,2.459],[0,0]],"o":[[0,0],[-5.96,10.36],[0,0],[-11.043,-0.175],[0.876,1.229],[0,0],[4.206,-10.359],[0,0],[7.713,-2.458],[0,0]],"v":[[26.819,-55.925],[24.19,-40.298],[-22.262,29.763],[-35.759,33.45],[-20.859,51.536],[-19.457,57.155],[-19.632,30.114],[26.293,-39.42],[39.089,-48.551],[39.089,-57.154]],"c":true},"ix":2},"nm":"Path 1","mn":"ADBE Vector Shape - Group","hd":false},{"ty":"fl","c":{"a":0,"k":[0.176000004189,0.176000004189,0.176000004189,1],"ix":4},"o":{"a":0,"k":100,"ix":5},"r":1,"bm":0,"nm":"Fill 1","mn":"ADBE Vector Graphic - Fill","hd":false},{"ty":"tr","p":{"a":0,"k":[173.865,348.512],"ix":2},"a":{"a":0,"k":[0,0],"ix":1},"s":{"a":0,"k":[100,100],"ix":3},"r":{"a":0,"k":0,"ix":6},"o":{"a":0,"k":100,"ix":7},"sk":{"a":0,"k":0,"ix":4},"sa":{"a":0,"k":0,"ix":5},"nm":"Transform"}],"nm":"Group 21","np":2,"cix":2,"bm":0,"ix":21,"mn":"ADBE Vector Group","hd":false},{"ty":"gr","it":[{"ind":0,"ty":"sh","ix":1,"ks":{"a":0,"k":{"i":[[0,0],[-0.175,-14.222],[21.736,-20.544],[0,0],[0,0],[-7.186,13.345],[-0.525,22.652],[0,0],[0.701,0.527]],"o":[[0,0],[0.35,14.224],[-21.911,20.544],[0,0],[0,0],[11.92,-21.949],[0.351,-22.651],[0,0],[-0.876,-0.703]],"v":[[19.457,-58.91],[22.262,-43.81],[-5.435,51.009],[-30.324,66.813],[-6.486,57.858],[6.66,37.138],[25.065,-48.902],[30.324,-60.842],[25.767,-65.407]],"c":true},"ix":2},"nm":"Path 1","mn":"ADBE Vector Shape - Group","hd":false},{"ty":"fl","c":{"a":0,"k":[0.176000004189,0.176000004189,0.176000004189,1],"ix":4},"o":{"a":0,"k":100,"ix":5},"r":1,"bm":0,"nm":"Fill 1","mn":"ADBE Vector Graphic - Fill","hd":false},{"ty":"tr","p":{"a":0,"k":[451.346,301.453],"ix":2},"a":{"a":0,"k":[0,0],"ix":1},"s":{"a":0,"k":[100,100],"ix":3},"r":{"a":0,"k":0,"ix":6},"o":{"a":0,"k":100,"ix":7},"sk":{"a":0,"k":0,"ix":4},"sa":{"a":0,"k":0,"ix":5},"nm":"Transform"}],"nm":"Group 22","np":2,"cix":2,"bm":0,"ix":22,"mn":"ADBE Vector Group","hd":false},{"ty":"gr","it":[{"ind":0,"ty":"sh","ix":1,"ks":{"a":0,"k":{"i":[[0,0],[0.175,-14.223],[-21.736,-20.544],[0,0],[0,0],[7.187,13.345],[0.526,22.652],[0,0],[-0.702,0.527]],"o":[[0,0],[-0.176,14.223],[21.911,20.544],[0,0],[0,0],[-12.094,-21.949],[-0.525,-22.651],[0,0],[0.701,-0.176]],"v":[[-21.999,-58.559],[-23.926,-42.229],[5.346,49.78],[30.413,65.408],[6.574,56.453],[-6.574,35.733],[-26.557,-47.673],[-30.412,-62.422],[-25.855,-66.987]],"c":true},"ix":2},"nm":"Path 1","mn":"ADBE Vector Shape - Group","hd":false},{"ty":"fl","c":{"a":0,"k":[0.176000004189,0.176000004189,0.176000004189,1],"ix":4},"o":{"a":0,"k":100,"ix":5},"r":1,"bm":0,"nm":"Fill 1","mn":"ADBE Vector Graphic - Fill","hd":false},{"ty":"tr","p":{"a":0,"k":[62.293,305.316],"ix":2},"a":{"a":0,"k":[0,0],"ix":1},"s":{"a":0,"k":[100,100],"ix":3},"r":{"a":0,"k":0,"ix":6},"o":{"a":0,"k":100,"ix":7},"sk":{"a":0,"k":0,"ix":4},"sa":{"a":0,"k":0,"ix":5},"nm":"Transform"}],"nm":"Group 23","np":2,"cix":2,"bm":0,"ix":23,"mn":"ADBE Vector Group","hd":false},{"ty":"gr","it":[{"ind":0,"ty":"sh","ix":1,"ks":{"a":0,"k":{"i":[[0,0],[8.063,-0.526],[21.386,-9.658],[5.96,1.756],[0,0],[-18.055,6.849],[-31.551,2.458],[-4.908,-3.161],[0,0],[0,0],[0,0]],"o":[[0,0],[-8.239,0.527],[0,0],[-5.96,-1.756],[0,0],[15.601,-5.794],[4.207,-0.351],[18.931,11.941],[0,0],[0,0],[0,0]],"v":[[36.635,-21.949],[26.118,-12.116],[-40.492,5.795],[-54.69,7.726],[-54.69,21.949],[-38.739,7.199],[26.994,-10.009],[41.719,-5.619],[49.081,-12.993],[42.07,-16.33],[37.512,-21.949]],"c":false},"ix":2},"nm":"Path 1","mn":"ADBE Vector Shape - Group","hd":false},{"ty":"fl","c":{"a":0,"k":[0.176000004189,0.176000004189,0.176000004189,1],"ix":4},"o":{"a":0,"k":100,"ix":5},"r":1,"bm":0,"nm":"Fill 1","mn":"ADBE Vector Graphic - Fill","hd":false},{"ty":"tr","p":{"a":0,"k":[394.552,190.216],"ix":2},"a":{"a":0,"k":[0,0],"ix":1},"s":{"a":0,"k":[100,100],"ix":3},"r":{"a":0,"k":0,"ix":6},"o":{"a":0,"k":100,"ix":7},"sk":{"a":0,"k":0,"ix":4},"sa":{"a":0,"k":0,"ix":5},"nm":"Transform"}],"nm":"Group 24","np":2,"cix":2,"bm":0,"ix":24,"mn":"ADBE Vector Group","hd":false},{"ty":"gr","it":[{"ind":0,"ty":"sh","ix":1,"ks":{"a":0,"k":{"i":[[0,0],[-8.064,-0.351],[-21.385,-9.658],[-5.959,1.756],[0,0],[18.055,6.848],[31.552,2.458],[4.908,-3.161],[0,0],[0,0],[0,0]],"o":[[0,0],[8.238,0.527],[0,0],[5.96,-1.756],[0,0],[-15.601,-5.794],[-4.207,-0.351],[-18.931,11.94],[0,0],[0,0],[0,0]],"v":[[-36.635,-21.949],[-26.118,-12.116],[40.492,5.795],[54.689,7.726],[54.689,21.949],[38.739,7.199],[-26.995,-10.009],[-41.719,-5.619],[-49.081,-12.994],[-42.07,-16.33],[-37.512,-21.949]],"c":false},"ix":2},"nm":"Path 1","mn":"ADBE Vector Shape - Group","hd":false},{"ty":"fl","c":{"a":0,"k":[0.176000004189,0.176000004189,0.176000004189,1],"ix":4},"o":{"a":0,"k":100,"ix":5},"r":1,"bm":0,"nm":"Fill 1","mn":"ADBE Vector Graphic - Fill","hd":false},{"ty":"tr","p":{"a":0,"k":[121.103,190.743],"ix":2},"a":{"a":0,"k":[0,0],"ix":1},"s":{"a":0,"k":[100,100],"ix":3},"r":{"a":0,"k":0,"ix":6},"o":{"a":0,"k":100,"ix":7},"sk":{"a":0,"k":0,"ix":4},"sa":{"a":0,"k":0,"ix":5},"nm":"Transform"}],"nm":"Group 25","np":2,"cix":2,"bm":0,"ix":25,"mn":"ADBE Vector Group","hd":false},{"ty":"gr","it":[{"ind":0,"ty":"sh","ix":1,"ks":{"a":0,"k":{"i":[[-139.792,0],[0,140.033],[139.793,0],[0,-140.034]],"o":[[139.793,0],[0,-140.034],[-139.792,0],[0,140.033]],"v":[[0,253.553],[253.116,0],[0,-253.553],[-253.116,0]],"c":true},"ix":2},"nm":"Path 1","mn":"ADBE Vector Shape - Group","hd":false},{"ty":"fl","c":{"a":0,"k":[1,1,1,1],"ix":4},"o":{"a":0,"k":100,"ix":5},"r":1,"bm":0,"nm":"Fill 1","mn":"ADBE Vector Graphic - Fill","hd":false},{"ty":"tr","p":{"a":0,"k":[254.848,255.01],"ix":2},"a":{"a":0,"k":[0,0],"ix":1},"s":{"a":0,"k":[100,100],"ix":3},"r":{"a":0,"k":0,"ix":6},"o":{"a":0,"k":100,"ix":7},"sk":{"a":0,"k":0,"ix":4},"sa":{"a":0,"k":0,"ix":5},"nm":"Transform"}],"nm":"Group 26","np":2,"cix":2,"bm":0,"ix":26,"mn":"ADBE Vector Group","hd":false},{"ty":"gr","it":[{"ind":0,"ty":"sh","ix":1,"ks":{"a":0,"k":{"i":[[-99.395,99.567],[99.395,99.566],[99.395,-99.566],[-99.395,-99.565]],"o":[[99.395,-99.565],[-99.395,-99.566],[-99.395,99.566],[99.395,99.567]],"v":[[179.969,180.28],[179.969,-180.281],[-179.971,-180.281],[-179.971,180.28]],"c":true},"ix":2},"nm":"Path 1","mn":"ADBE Vector Shape - Group","hd":false},{"ty":"fl","c":{"a":0,"k":[0.176000004189,0.176000004189,0.176000004189,1],"ix":4},"o":{"a":0,"k":100,"ix":5},"r":1,"bm":0,"nm":"Fill 1","mn":"ADBE Vector Graphic - Fill","hd":false},{"ty":"tr","p":{"a":0,"k":[254.516,254.956],"ix":2},"a":{"a":0,"k":[0,0],"ix":1},"s":{"a":0,"k":[100,100],"ix":3},"r":{"a":0,"k":0,"ix":6},"o":{"a":0,"k":100,"ix":7},"sk":{"a":0,"k":0,"ix":4},"sa":{"a":0,"k":0,"ix":5},"nm":"Transform"}],"nm":"Group 27","np":4,"cix":2,"bm":0,"ix":27,"mn":"ADBE Vector Group","hd":false}],"ip":0,"op":80,"st":0,"bm":0},{"ddd":0,"ind":2,"ty":4,"nm":"Shape Layer 1","sr":1,"ks":{"o":{"a":1,"k":[{"i":{"x":[0.833],"y":[0.833]},"o":{"x":[0.167],"y":[0.167]},"t":0,"s":[15]},{"i":{"x":[0.833],"y":[0.833]},"o":{"x":[0.167],"y":[0.167]},"t":30,"s":[30]},{"t":79,"s":[15]}],"ix":11},"r":{"a":0,"k":0,"ix":10},"p":{"a":0,"k":[255,534,0],"ix":2},"a":{"a":0,"k":[0,0,0],"ix":1},"s":{"a":1,"k":[{"i":{"x":[0.985,0.985,0.667],"y":[0.999,1.137,1]},"o":{"x":[0.167,0.167,0.167],"y":[0.167,0.167,0]},"t":13,"s":[50.289,101.133,100]},{"i":{"x":[0.833,0.833,0.833],"y":[0.833,0.833,1]},"o":{"x":[0.015,0.015,0.333],"y":[0.001,-0.106,0]},"t":30,"s":[94.774,100.696,100]},{"t":71,"s":[50.289,101.133,100]}],"ix":6}},"ao":0,"ef":[{"ty":5,"nm":"Bilateral Blur","np":5,"mn":"ADBE Bilateral","ix":1,"en":1,"ef":[{"ty":0,"nm":"Radius","mn":"ADBE Bilateral-0001","ix":1,"v":{"a":0,"k":25,"ix":1}},{"ty":0,"nm":"Threshold","mn":"ADBE Bilateral-0002","ix":2,"v":{"a":0,"k":3,"ix":2}},{"ty":7,"nm":"Colorize","mn":"ADBE Bilateral-0003","ix":3,"v":{"a":0,"k":1,"ix":3}}]},{"ty":5,"nm":"Gaussian Blur","np":4,"mn":"ADBE Gaussian Blur","ix":2,"en":1,"ef":[{"ty":0,"nm":"Blurriness","mn":"ADBE Gaussian Blur-0001","ix":1,"v":{"a":0,"k":36.6,"ix":1}},{"ty":7,"nm":"Blur Dimensions","mn":"ADBE Gaussian Blur-0002","ix":2,"v":{"a":0,"k":1,"ix":2}}]}],"shapes":[{"ty":"gr","it":[{"d":3,"ty":"el","s":{"a":0,"k":[466,40],"ix":2},"p":{"a":0,"k":[0,0],"ix":3},"nm":"Ellipse Path 1","mn":"ADBE Vector Shape - Ellipse","hd":false},{"ty":"fl","c":{"a":0,"k":[0.313725490196,0.313725490196,0.313725490196,1],"ix":4},"o":{"a":0,"k":60,"ix":5},"r":1,"bm":0,"nm":"Fill 1","mn":"ADBE Vector Graphic - Fill","hd":false},{"ty":"tr","p":{"a":0,"k":[1.75,726],"ix":2},"a":{"a":0,"k":[0,0],"ix":1},"s":{"a":0,"k":[106.794,100],"ix":3},"r":{"a":0,"k":0,"ix":6},"o":{"a":0,"k":100,"ix":7},"sk":{"a":0,"k":0,"ix":4},"sa":{"a":0,"k":0,"ix":5},"nm":"Transform"}],"nm":"Ellipse 1","np":3,"cix":2,"bm":0,"ix":1,"mn":"ADBE Vector Group","hd":false}],"ip":0,"op":80,"st":0,"bm":0}],"markers":[]}